{"chemistry": {"corr": 852.0, "wrong": 291.0, "acc": 0.7454068241469817}, "total": {"corr": 852.0, "wrong": 291.0, "acc": 0.7454068241469817}}