{"law": {"corr": 604.0, "wrong": 516.0, "acc": 0.5392857142857143}, "total": {"corr": 604.0, "wrong": 516.0, "acc": 0.5392857142857143}}