{"math": {"corr": 1036.0, "wrong": 321.0, "acc": 0.763448784082535}, "total": {"corr": 1036.0, "wrong": 321.0, "acc": 0.763448784082535}}