{"economics": {"corr": 675.0, "wrong": 186.0, "acc": 0.7839721254355401}, "total": {"corr": 675.0, "wrong": 186.0, "acc": 0.7839721254355401}}