{"other": {"corr": 668.0, "wrong": 274.0, "acc": 0.7091295116772823}, "total": {"corr": 668.0, "wrong": 274.0, "acc": 0.7091295116772823}}