{"philosophy": {"corr": 355.0, "wrong": 156.0, "acc": 0.6947162426614482}, "total": {"corr": 355.0, "wrong": 156.0, "acc": 0.6947162426614482}}