{"engineering": {"corr": 528.0, "wrong": 444.0, "acc": 0.5432098765432098}, "total": {"corr": 528.0, "wrong": 444.0, "acc": 0.5432098765432098}}