{"physics": {"corr": 967.0, "wrong": 345.0, "acc": 0.7370426829268293}, "total": {"corr": 967.0, "wrong": 345.0, "acc": 0.7370426829268293}}