{"psychology": {"corr": 632.0, "wrong": 186.0, "acc": 0.7726161369193154}, "total": {"corr": 632.0, "wrong": 186.0, "acc": 0.7726161369193154}}