{"computer science": {"corr": 314.0, "wrong": 104.0, "acc": 0.7511961722488039}, "total": {"corr": 314.0, "wrong": 104.0, "acc": 0.7511961722488039}}