{"health": {"corr": 590.0, "wrong": 235.0, "acc": 0.7151515151515152}, "total": {"corr": 590.0, "wrong": 235.0, "acc": 0.7151515151515152}}