{"math": {"corr": 876.0, "wrong": 481.0, "acc": 0.6455416359616801}, "total": {"corr": 876.0, "wrong": 481.0, "acc": 0.6455416359616801}}