{"other": {"corr": 638.0, "wrong": 304.0, "acc": 0.6772823779193206}, "total": {"corr": 638.0, "wrong": 304.0, "acc": 0.6772823779193206}}