{"economics": {"corr": 631.0, "wrong": 230.0, "acc": 0.7328687572590011}, "total": {"corr": 631.0, "wrong": 230.0, "acc": 0.7328687572590011}}