{"physics": {"corr": 720.0, "wrong": 592.0, "acc": 0.5487804878048781}, "total": {"corr": 720.0, "wrong": 592.0, "acc": 0.5487804878048781}}