{"law": {"corr": 551.0, "wrong": 569.0, "acc": 0.4919642857142857}, "total": {"corr": 551.0, "wrong": 569.0, "acc": 0.4919642857142857}}