{"biology": {"corr": 591.0, "wrong": 131.0, "acc": 0.8185595567867036}, "total": {"corr": 591.0, "wrong": 131.0, "acc": 0.8185595567867036}}