{"engineering": {"corr": 50.0, "wrong": 65.0, "acc": 0.43478260869565216}, "total": {"corr": 50.0, "wrong": 65.0, "acc": 0.43478260869565216}}