{"computer science": {"corr": 232.0, "wrong": 186.0, "acc": 0.5550239234449761}, "total": {"corr": 232.0, "wrong": 186.0, "acc": 0.5550239234449761}}