{"law": {"corr": 546.0, "wrong": 572.0, "acc": 0.4883720930232558}, "total": {"corr": 546.0, "wrong": 572.0, "acc": 0.4883720930232558}}