{"physics": {"corr": 429.0, "wrong": 539.0, "acc": 0.4431818181818182}, "total": {"corr": 429.0, "wrong": 539.0, "acc": 0.4431818181818182}}