{"business": {"corr": 294.0, "wrong": 493.0, "acc": 0.3735705209656925}, "total": {"corr": 294.0, "wrong": 493.0, "acc": 0.3735705209656925}}