{"psychology": {"corr": 600.0, "wrong": 210.0, "acc": 0.7407407407407407}, "total": {"corr": 600.0, "wrong": 210.0, "acc": 0.7407407407407407}}