{"philosophy": {"corr": 318.0, "wrong": 190.0, "acc": 0.6259842519685039}, "total": {"corr": 318.0, "wrong": 190.0, "acc": 0.6259842519685039}}