{"economics": {"corr": 555.0, "wrong": 303.0, "acc": 0.6468531468531469}, "total": {"corr": 555.0, "wrong": 303.0, "acc": 0.6468531468531469}}