{"chemistry": {"corr": 382.0, "wrong": 757.0, "acc": 0.3353819139596137}, "total": {"corr": 382.0, "wrong": 757.0, "acc": 0.3353819139596137}}