{"other": {"corr": 559.0, "wrong": 343.0, "acc": 0.6197339246119734}, "total": {"corr": 559.0, "wrong": 343.0, "acc": 0.6197339246119734}}