{"biology": {"corr": 575.0, "wrong": 98.0, "acc": 0.8543833580980683}, "total": {"corr": 575.0, "wrong": 98.0, "acc": 0.8543833580980683}}