{"math": {"corr": 154.0, "wrong": 105.0, "acc": 0.5945945945945946}, "total": {"corr": 154.0, "wrong": 105.0, "acc": 0.5945945945945946}}