{"health": {"corr": 542.0, "wrong": 268.0, "acc": 0.6691358024691358}, "total": {"corr": 542.0, "wrong": 268.0, "acc": 0.6691358024691358}}