{"law": {"corr": 101.0, "wrong": 120.0, "acc": 0.45701357466063347}, "other": {"corr": 176.0, "wrong": 117.0, "acc": 0.6006825938566553}, "psychology": {"corr": 269.0, "wrong": 95.0, "acc": 0.739010989010989}, "business": {"corr": 108.0, "wrong": 171.0, "acc": 0.3870967741935484}, "total": {"corr": 654.0, "wrong": 503.0, "acc": 0.5652549697493517}}