{"psychology": {"corr": 228.0, "wrong": 88.0, "acc": 0.7215189873417721}, "total": {"corr": 228.0, "wrong": 88.0, "acc": 0.7215189873417721}}