{"economics": {"corr": 548.0, "wrong": 313.0, "acc": 0.6364692218350755}, "total": {"corr": 548.0, "wrong": 313.0, "acc": 0.6364692218350755}}