{"business": {"corr": 279.0, "wrong": 517.0, "acc": 0.35050251256281406}, "total": {"corr": 279.0, "wrong": 517.0, "acc": 0.35050251256281406}}