{"math": {"corr": 356.0, "wrong": 1001.0, "acc": 0.262343404568902}, "total": {"corr": 356.0, "wrong": 1001.0, "acc": 0.262343404568902}}