{"psychology": {"corr": 141.0, "wrong": 58.0, "acc": 0.7085427135678392}, "total": {"corr": 141.0, "wrong": 58.0, "acc": 0.7085427135678392}}