{"business": {"corr": 281.0, "wrong": 515.0, "acc": 0.3530150753768844}, "total": {"corr": 281.0, "wrong": 515.0, "acc": 0.3530150753768844}}