{"law": {"corr": 145.0, "wrong": 157.0, "acc": 0.48013245033112584}, "total": {"corr": 145.0, "wrong": 157.0, "acc": 0.48013245033112584}}