{"business": {"corr": 98.0, "wrong": 150.0, "acc": 0.3951612903225806}, "total": {"corr": 98.0, "wrong": 150.0, "acc": 0.3951612903225806}}