{"biology": {"corr": 9.0, "wrong": 2.0, "acc": 0.8181818181818182}, "total": {"corr": 9.0, "wrong": 2.0, "acc": 0.8181818181818182}}