{"engineering": {"corr": 314.0, "wrong": 658.0, "acc": 0.3230452674897119}, "total": {"corr": 314.0, "wrong": 658.0, "acc": 0.3230452674897119}}