{"business": {"corr": 90.0, "wrong": 141.0, "acc": 0.38961038961038963}, "total": {"corr": 90.0, "wrong": 141.0, "acc": 0.38961038961038963}}