{"business": {"corr": 153.0, "wrong": 262.0, "acc": 0.3686746987951807}, "total": {"corr": 153.0, "wrong": 262.0, "acc": 0.3686746987951807}}