{"other": {"corr": 554.0, "wrong": 388.0, "acc": 0.5881104033970276}, "total": {"corr": 554.0, "wrong": 388.0, "acc": 0.5881104033970276}}