{"physics": {"corr": 463.0, "wrong": 849.0, "acc": 0.35289634146341464}, "total": {"corr": 463.0, "wrong": 849.0, "acc": 0.35289634146341464}}