{"computer science": {"corr": 231.0, "wrong": 187.0, "acc": 0.5526315789473685}, "total": {"corr": 231.0, "wrong": 187.0, "acc": 0.5526315789473685}}