{"law": {"corr": 539.0, "wrong": 581.0, "acc": 0.48125}, "total": {"corr": 539.0, "wrong": 581.0, "acc": 0.48125}}