{"psychology": {"corr": 42.0, "wrong": 23.0, "acc": 0.6461538461538462}, "total": {"corr": 42.0, "wrong": 23.0, "acc": 0.6461538461538462}}