{"other": {"corr": 70.0, "wrong": 50.0, "acc": 0.5833333333333334}, "total": {"corr": 70.0, "wrong": 50.0, "acc": 0.5833333333333334}}