{"biology": {"corr": 565.0, "wrong": 157.0, "acc": 0.7825484764542936}, "total": {"corr": 565.0, "wrong": 157.0, "acc": 0.7825484764542936}}