{"physics": {"corr": 470.0, "wrong": 842.0, "acc": 0.35823170731707316}, "total": {"corr": 470.0, "wrong": 842.0, "acc": 0.35823170731707316}}