{"psychology": {"corr": 345.0, "wrong": 132.0, "acc": 0.7232704402515723}, "total": {"corr": 345.0, "wrong": 132.0, "acc": 0.7232704402515723}}