{"chemistry": {"corr": 352.0, "wrong": 791.0, "acc": 0.3079615048118985}, "total": {"corr": 352.0, "wrong": 791.0, "acc": 0.3079615048118985}}