{"biology": {"corr": 564.0, "wrong": 158.0, "acc": 0.7811634349030471}, "total": {"corr": 564.0, "wrong": 158.0, "acc": 0.7811634349030471}}