{"other": {"corr": 179.0, "wrong": 118.0, "acc": 0.6026936026936027}, "total": {"corr": 179.0, "wrong": 118.0, "acc": 0.6026936026936027}}