{"psychology": {"corr": 599.0, "wrong": 219.0, "acc": 0.7322738386308069}, "total": {"corr": 599.0, "wrong": 219.0, "acc": 0.7322738386308069}}