{"other": {"corr": 553.0, "wrong": 389.0, "acc": 0.5870488322717622}, "total": {"corr": 553.0, "wrong": 389.0, "acc": 0.5870488322717622}}