{"health": {"corr": 16.0, "wrong": 19.0, "acc": 0.45714285714285713}, "total": {"corr": 16.0, "wrong": 19.0, "acc": 0.45714285714285713}}