{"health": {"corr": 535.0, "wrong": 290.0, "acc": 0.6484848484848484}, "total": {"corr": 535.0, "wrong": 290.0, "acc": 0.6484848484848484}}