{"math": {"corr": 352.0, "wrong": 1005.0, "acc": 0.2593957258658806}, "total": {"corr": 352.0, "wrong": 1005.0, "acc": 0.2593957258658806}}