{"biology": {"corr": 60.0, "wrong": 14.0, "acc": 0.8108108108108109}, "total": {"corr": 60.0, "wrong": 14.0, "acc": 0.8108108108108109}}