{"philosophy": {"corr": 301.0, "wrong": 210.0, "acc": 0.589041095890411}, "total": {"corr": 301.0, "wrong": 210.0, "acc": 0.589041095890411}}