{"other": {"corr": 168.0, "wrong": 114.0, "acc": 0.5957446808510638}, "total": {"corr": 168.0, "wrong": 114.0, "acc": 0.5957446808510638}}