{"engineering": {"corr": 320.0, "wrong": 652.0, "acc": 0.3292181069958848}, "total": {"corr": 320.0, "wrong": 652.0, "acc": 0.3292181069958848}}