{"law": {"corr": 101.0, "wrong": 118.0, "acc": 0.4611872146118721}, "total": {"corr": 101.0, "wrong": 118.0, "acc": 0.4611872146118721}}