{"law": {"corr": 49.0, "wrong": 44.0, "acc": 0.5268817204301075}, "total": {"corr": 49.0, "wrong": 44.0, "acc": 0.5268817204301075}}