{"law": {"corr": 78.0, "wrong": 86.0, "acc": 0.47560975609756095}, "other": {"corr": 106.0, "wrong": 82.0, "acc": 0.5638297872340425}, "psychology": {"corr": 141.0, "wrong": 57.0, "acc": 0.7121212121212122}, "business": {"corr": 52.0, "wrong": 107.0, "acc": 0.3270440251572327}, "total": {"corr": 377.0, "wrong": 332.0, "acc": 0.5317348377997179}}