{"biology": {"corr": 60.0, "wrong": 14.0, "acc": 0.8108108108108109}, "law": {"corr": 105.0, "wrong": 122.0, "acc": 0.46255506607929514}, "other": {"corr": 161.0, "wrong": 106.0, "acc": 0.602996254681648}, "psychology": {"corr": 281.0, "wrong": 100.0, "acc": 0.7375328083989501}, "business": {"corr": 136.0, "wrong": 228.0, "acc": 0.37362637362637363}, "total": {"corr": 743.0, "wrong": 570.0, "acc": 0.5658796648895659}}