{"physics": {"corr": 199.0, "wrong": 33.0, "acc": 0.8577586206896551}, "total": {"corr": 199.0, "wrong": 33.0, "acc": 0.8577586206896551}}