{"other": {"corr": 371.0, "wrong": 100.0, "acc": 0.7876857749469215}, "total": {"corr": 371.0, "wrong": 100.0, "acc": 0.7876857749469215}}