{"biology": {"corr": 10.0, "wrong": 3.0, "acc": 0.7692307692307693}, "total": {"corr": 10.0, "wrong": 3.0, "acc": 0.7692307692307693}}