{"other": {"corr": 23.0, "wrong": 5.0, "acc": 0.8214285714285714}, "psychology": {"corr": 24.0, "wrong": 7.0, "acc": 0.7741935483870968}, "law": {"corr": 16.0, "wrong": 7.0, "acc": 0.6956521739130435}, "business": {"corr": 42.0, "wrong": 18.0, "acc": 0.7}, "total": {"corr": 105.0, "wrong": 37.0, "acc": 0.7394366197183099}}