{"math": {"corr": 4.0, "wrong": 2.0, "acc": 0.6666666666666666}, "total": {"corr": 4.0, "wrong": 2.0, "acc": 0.6666666666666666}}