{"business": {"corr": 45.0, "wrong": 69.0, "acc": 0.39473684210526316}, "total": {"corr": 45.0, "wrong": 69.0, "acc": 0.39473684210526316}}