{"": 0.6028997222222222, "a2arulra": 16.33425027777776, "tianle li": 18.007456666666663, "Yuansheng Ni": 11.913569166666667, "kai wang": 3.984363611111112, "xuan he": 3.1820994444444453, "max ku": 7.948182777777792, "weiming ren": 8.514089444444455, "ziyan jiang": 14.386268611111092, "shiguang guo": 17.157699722222212, "Abhranil Chandra": 13.011451666666655, "alex zhuang": 8.764579722222226, "richard fan": 9.012890555555563, "gezhang": 14.415288055555544}