{"business": {"corr": 56.0, "wrong": 34.0, "acc": 0.6222222222222222}, "total": {"corr": 56.0, "wrong": 34.0, "acc": 0.6222222222222222}}