{"business": {"corr": 133.0, "wrong": 74.0, "acc": 0.642512077294686}, "total": {"corr": 133.0, "wrong": 74.0, "acc": 0.642512077294686}}