{"business": {"corr": 154.0, "wrong": 86.0, "acc": 0.6416666666666667}, "total": {"corr": 154.0, "wrong": 86.0, "acc": 0.6416666666666667}}