{"health": {"corr": 170.0, "wrong": 101.0, "acc": 0.6273062730627307}, "total": {"corr": 170.0, "wrong": 101.0, "acc": 0.6273062730627307}}