{"law": {"corr": 87.0, "wrong": 117.0, "acc": 0.4264705882352941}, "total": {"corr": 87.0, "wrong": 117.0, "acc": 0.4264705882352941}}