{"engineering": {"corr": 270.0, "wrong": 550.0, "acc": 0.32926829268292684}, "total": {"corr": 270.0, "wrong": 550.0, "acc": 0.32926829268292684}}