{"health": {"corr": 171.0, "wrong": 103.0, "acc": 0.6240875912408759}, "total": {"corr": 171.0, "wrong": 103.0, "acc": 0.6240875912408759}}