{"law": {"corr": 98.0, "wrong": 131.0, "acc": 0.4279475982532751}, "total": {"corr": 98.0, "wrong": 131.0, "acc": 0.4279475982532751}}