{"health": {"corr": 178.0, "wrong": 104.0, "acc": 0.6312056737588653}, "total": {"corr": 178.0, "wrong": 104.0, "acc": 0.6312056737588653}}