{"economics": {"corr": 580.0, "wrong": 281.0, "acc": 0.6736353077816493}, "total": {"corr": 580.0, "wrong": 281.0, "acc": 0.6736353077816493}}