{"law": {"corr": 460.0, "wrong": 660.0, "acc": 0.4107142857142857}, "total": {"corr": 460.0, "wrong": 660.0, "acc": 0.4107142857142857}}