{"physics": {"corr": 562.0, "wrong": 419.0, "acc": 0.5728848114169215}, "total": {"corr": 562.0, "wrong": 419.0, "acc": 0.5728848114169215}}