{"law": {"corr": 39.0, "wrong": 35.0, "acc": 0.527027027027027}, "total": {"corr": 39.0, "wrong": 35.0, "acc": 0.527027027027027}}