{"other": {"corr": 223.0, "wrong": 187.0, "acc": 0.5439024390243903}, "total": {"corr": 223.0, "wrong": 187.0, "acc": 0.5439024390243903}}