{"physics": {"corr": 431.0, "wrong": 329.0, "acc": 0.5671052631578948}, "total": {"corr": 431.0, "wrong": 329.0, "acc": 0.5671052631578948}}