{"biology": {"corr": 150.0, "wrong": 54.0, "acc": 0.7352941176470589}, "total": {"corr": 150.0, "wrong": 54.0, "acc": 0.7352941176470589}}