{"physics": {"corr": 301.0, "wrong": 228.0, "acc": 0.5689981096408318}, "total": {"corr": 301.0, "wrong": 228.0, "acc": 0.5689981096408318}}