{"engineering": {"corr": 290.0, "wrong": 569.0, "acc": 0.33760186263096625}, "total": {"corr": 290.0, "wrong": 569.0, "acc": 0.33760186263096625}}