{"psychology": {"corr": 232.0, "wrong": 126.0, "acc": 0.6480446927374302}, "total": {"corr": 232.0, "wrong": 126.0, "acc": 0.6480446927374302}}