{"engineering": {"corr": 268.0, "wrong": 544.0, "acc": 0.33004926108374383}, "total": {"corr": 268.0, "wrong": 544.0, "acc": 0.33004926108374383}}