{"psychology": {"corr": 182.0, "wrong": 97.0, "acc": 0.6523297491039427}, "total": {"corr": 182.0, "wrong": 97.0, "acc": 0.6523297491039427}}