{"business": {"corr": 208.0, "wrong": 109.0, "acc": 0.6561514195583596}, "total": {"corr": 208.0, "wrong": 109.0, "acc": 0.6561514195583596}}