{"law": {"corr": 96.0, "wrong": 128.0, "acc": 0.42857142857142855}, "total": {"corr": 96.0, "wrong": 128.0, "acc": 0.42857142857142855}}