{"psychology": {"corr": 46.0, "wrong": 30.0, "acc": 0.6052631578947368}, "total": {"corr": 46.0, "wrong": 30.0, "acc": 0.6052631578947368}}