{"psychology": {"corr": 165.0, "wrong": 93.0, "acc": 0.6395348837209303}, "total": {"corr": 165.0, "wrong": 93.0, "acc": 0.6395348837209303}}