{"business": {"corr": 338.0, "wrong": 186.0, "acc": 0.6450381679389313}, "total": {"corr": 338.0, "wrong": 186.0, "acc": 0.6450381679389313}}