{"math": {"corr": 649.0, "wrong": 380.0, "acc": 0.630709426627794}, "total": {"corr": 649.0, "wrong": 380.0, "acc": 0.630709426627794}}