{"economics": {"corr": 165.0, "wrong": 82.0, "acc": 0.6680161943319838}, "total": {"corr": 165.0, "wrong": 82.0, "acc": 0.6680161943319838}}