{"law": {"corr": 219.0, "wrong": 292.0, "acc": 0.42857142857142855}, "total": {"corr": 219.0, "wrong": 292.0, "acc": 0.42857142857142855}}