{"business": {"corr": 139.0, "wrong": 77.0, "acc": 0.6435185185185185}, "total": {"corr": 139.0, "wrong": 77.0, "acc": 0.6435185185185185}}