{"health": {"corr": 452.0, "wrong": 275.0, "acc": 0.6217331499312242}, "total": {"corr": 452.0, "wrong": 275.0, "acc": 0.6217331499312242}}