{"business": {"corr": 135.0, "wrong": 75.0, "acc": 0.6428571428571429}, "total": {"corr": 135.0, "wrong": 75.0, "acc": 0.6428571428571429}}