{"health": {"corr": 37.0, "wrong": 29.0, "acc": 0.5606060606060606}, "total": {"corr": 37.0, "wrong": 29.0, "acc": 0.5606060606060606}}