{"philosophy": {"corr": 273.0, "wrong": 238.0, "acc": 0.5342465753424658}, "total": {"corr": 273.0, "wrong": 238.0, "acc": 0.5342465753424658}}