{"other": {"corr": 324.0, "wrong": 263.0, "acc": 0.5519591141396933}, "total": {"corr": 324.0, "wrong": 263.0, "acc": 0.5519591141396933}}