{"chemistry": {"corr": 623.0, "wrong": 518.0, "acc": 0.5460122699386503}, "total": {"corr": 623.0, "wrong": 518.0, "acc": 0.5460122699386503}}