{"other": {"corr": 517.0, "wrong": 424.0, "acc": 0.5494155154091392}, "total": {"corr": 517.0, "wrong": 424.0, "acc": 0.5494155154091392}}