{"computer science": {"corr": 265.0, "wrong": 153.0, "acc": 0.6339712918660287}, "total": {"corr": 265.0, "wrong": 153.0, "acc": 0.6339712918660287}}