{"business": {"corr": 138.0, "wrong": 76.0, "acc": 0.6448598130841121}, "total": {"corr": 138.0, "wrong": 76.0, "acc": 0.6448598130841121}}