{"math": {"corr": 594.0, "wrong": 334.0, "acc": 0.6400862068965517}, "total": {"corr": 594.0, "wrong": 334.0, "acc": 0.6400862068965517}}