{"chemistry": {"corr": 452.0, "wrong": 345.0, "acc": 0.5671267252195734}, "total": {"corr": 452.0, "wrong": 345.0, "acc": 0.5671267252195734}}