{"health": {"corr": 133.0, "wrong": 81.0, "acc": 0.6214953271028038}, "total": {"corr": 133.0, "wrong": 81.0, "acc": 0.6214953271028038}}