{"business": {"corr": 38.0, "wrong": 17.0, "acc": 0.6909090909090909}, "total": {"corr": 38.0, "wrong": 17.0, "acc": 0.6909090909090909}}