{"health": {"corr": 190.0, "wrong": 119.0, "acc": 0.6148867313915858}, "total": {"corr": 190.0, "wrong": 119.0, "acc": 0.6148867313915858}}