{"business": {"corr": 141.0, "wrong": 80.0, "acc": 0.6380090497737556}, "total": {"corr": 141.0, "wrong": 80.0, "acc": 0.6380090497737556}}