{"other": {"corr": 222.0, "wrong": 187.0, "acc": 0.5427872860635696}, "total": {"corr": 222.0, "wrong": 187.0, "acc": 0.5427872860635696}}