{"psychology": {"corr": 161.0, "wrong": 91.0, "acc": 0.6388888888888888}, "total": {"corr": 161.0, "wrong": 91.0, "acc": 0.6388888888888888}}