{"economics": {"corr": 580.0, "wrong": 280.0, "acc": 0.6744186046511628}, "total": {"corr": 580.0, "wrong": 280.0, "acc": 0.6744186046511628}}