{"chemistry": {"corr": 443.0, "wrong": 342.0, "acc": 0.5643312101910828}, "total": {"corr": 443.0, "wrong": 342.0, "acc": 0.5643312101910828}}