{"chemistry": {"corr": 328.0, "wrong": 260.0, "acc": 0.5578231292517006}, "total": {"corr": 328.0, "wrong": 260.0, "acc": 0.5578231292517006}}