{"law": {"corr": 338.0, "wrong": 510.0, "acc": 0.39858490566037735}, "total": {"corr": 338.0, "wrong": 510.0, "acc": 0.39858490566037735}}