{"business": {"corr": 380.0, "wrong": 204.0, "acc": 0.6506849315068494}, "total": {"corr": 380.0, "wrong": 204.0, "acc": 0.6506849315068494}}