{"physics": {"corr": 308.0, "wrong": 234.0, "acc": 0.5682656826568265}, "total": {"corr": 308.0, "wrong": 234.0, "acc": 0.5682656826568265}}