{"psychology": {"corr": 184.0, "wrong": 100.0, "acc": 0.647887323943662}, "total": {"corr": 184.0, "wrong": 100.0, "acc": 0.647887323943662}}