{"engineering": {"corr": 131.0, "wrong": 254.0, "acc": 0.34025974025974026}, "total": {"corr": 131.0, "wrong": 254.0, "acc": 0.34025974025974026}}