{"business": {"corr": 64.0, "wrong": 44.0, "acc": 0.5925925925925926}, "total": {"corr": 64.0, "wrong": 44.0, "acc": 0.5925925925925926}}