{"health": {"corr": 89.0, "wrong": 56.0, "acc": 0.6137931034482759}, "total": {"corr": 89.0, "wrong": 56.0, "acc": 0.6137931034482759}}