{"psychology": {"corr": 104.0, "wrong": 64.0, "acc": 0.6190476190476191}, "total": {"corr": 104.0, "wrong": 64.0, "acc": 0.6190476190476191}}