{"law": {"corr": 86.0, "wrong": 117.0, "acc": 0.4236453201970443}, "total": {"corr": 86.0, "wrong": 117.0, "acc": 0.4236453201970443}}