{"psychology": {"corr": 76.0, "wrong": 51.0, "acc": 0.5984251968503937}, "total": {"corr": 76.0, "wrong": 51.0, "acc": 0.5984251968503937}}