{"math": {"corr": 651.0, "wrong": 382.0, "acc": 0.6302032913843175}, "total": {"corr": 651.0, "wrong": 382.0, "acc": 0.6302032913843175}}