{"psychology": {"corr": 465.0, "wrong": 250.0, "acc": 0.6503496503496503}, "total": {"corr": 465.0, "wrong": 250.0, "acc": 0.6503496503496503}}