{"business": {"corr": 202.0, "wrong": 106.0, "acc": 0.6558441558441559}, "total": {"corr": 202.0, "wrong": 106.0, "acc": 0.6558441558441559}}