{"engineering": {"corr": 278.0, "wrong": 554.0, "acc": 0.33413461538461536}, "total": {"corr": 278.0, "wrong": 554.0, "acc": 0.33413461538461536}}