{"engineering": {"corr": 218.0, "wrong": 434.0, "acc": 0.3343558282208589}, "total": {"corr": 218.0, "wrong": 434.0, "acc": 0.3343558282208589}}