{"law": {"corr": 40.0, "wrong": 36.0, "acc": 0.5263157894736842}, "total": {"corr": 40.0, "wrong": 36.0, "acc": 0.5263157894736842}}