{"business": {"corr": 523.0, "wrong": 271.0, "acc": 0.6586901763224181}, "total": {"corr": 523.0, "wrong": 271.0, "acc": 0.6586901763224181}}