{"physics": {"corr": 408.0, "wrong": 319.0, "acc": 0.5612104539202201}, "total": {"corr": 408.0, "wrong": 319.0, "acc": 0.5612104539202201}}