{"health": {"corr": 169.0, "wrong": 100.0, "acc": 0.6282527881040892}, "total": {"corr": 169.0, "wrong": 100.0, "acc": 0.6282527881040892}}