{"law": {"corr": 341.0, "wrong": 510.0, "acc": 0.4007050528789659}, "total": {"corr": 341.0, "wrong": 510.0, "acc": 0.4007050528789659}}