{"engineering": {"corr": 198.0, "wrong": 383.0, "acc": 0.3407917383820998}, "total": {"corr": 198.0, "wrong": 383.0, "acc": 0.3407917383820998}}