{"health": {"corr": 443.0, "wrong": 274.0, "acc": 0.6178521617852162}, "total": {"corr": 443.0, "wrong": 274.0, "acc": 0.6178521617852162}}