{"chemistry": {"corr": 380.0, "wrong": 303.0, "acc": 0.5563689604685212}, "total": {"corr": 380.0, "wrong": 303.0, "acc": 0.5563689604685212}}