{"health": {"corr": 174.0, "wrong": 103.0, "acc": 0.628158844765343}, "total": {"corr": 174.0, "wrong": 103.0, "acc": 0.628158844765343}}