{"physics": {"corr": 307.0, "wrong": 234.0, "acc": 0.5674676524953789}, "total": {"corr": 307.0, "wrong": 234.0, "acc": 0.5674676524953789}}