{"law": {"corr": 65.0, "wrong": 81.0, "acc": 0.4452054794520548}, "total": {"corr": 65.0, "wrong": 81.0, "acc": 0.4452054794520548}}