{"computer science": {"corr": 92.0, "wrong": 59.0, "acc": 0.609271523178808}, "total": {"corr": 92.0, "wrong": 59.0, "acc": 0.609271523178808}}