{"law": {"corr": 90.0, "wrong": 118.0, "acc": 0.4326923076923077}, "total": {"corr": 90.0, "wrong": 118.0, "acc": 0.4326923076923077}}