{"biology": {"corr": 540.0, "wrong": 182.0, "acc": 0.7479224376731302}, "total": {"corr": 540.0, "wrong": 182.0, "acc": 0.7479224376731302}}