{"physics": {"corr": 562.0, "wrong": 418.0, "acc": 0.573469387755102}, "total": {"corr": 562.0, "wrong": 418.0, "acc": 0.573469387755102}}