{"math": {"corr": 854.0, "wrong": 502.0, "acc": 0.6297935103244838}, "total": {"corr": 854.0, "wrong": 502.0, "acc": 0.6297935103244838}}