{"health": {"corr": 104.0, "wrong": 63.0, "acc": 0.6227544910179641}, "total": {"corr": 104.0, "wrong": 63.0, "acc": 0.6227544910179641}}