{"physics": {"corr": 719.0, "wrong": 567.0, "acc": 0.5590979782270606}, "total": {"corr": 719.0, "wrong": 567.0, "acc": 0.5590979782270606}}