{"business": {"corr": 149.0, "wrong": 83.0, "acc": 0.6422413793103449}, "total": {"corr": 149.0, "wrong": 83.0, "acc": 0.6422413793103449}}