{"physics": {"corr": 562.0, "wrong": 417.0, "acc": 0.5740551583248212}, "total": {"corr": 562.0, "wrong": 417.0, "acc": 0.5740551583248212}}