{"math": {"corr": 520.0, "wrong": 297.0, "acc": 0.6364749082007344}, "total": {"corr": 520.0, "wrong": 297.0, "acc": 0.6364749082007344}}