{"engineering": {"corr": 157.0, "wrong": 310.0, "acc": 0.3361884368308351}, "total": {"corr": 157.0, "wrong": 310.0, "acc": 0.3361884368308351}}