{"chemistry": {"corr": 343.0, "wrong": 273.0, "acc": 0.5568181818181818}, "total": {"corr": 343.0, "wrong": 273.0, "acc": 0.5568181818181818}}