{"other": {"corr": 198.0, "wrong": 171.0, "acc": 0.5365853658536586}, "total": {"corr": 198.0, "wrong": 171.0, "acc": 0.5365853658536586}}