{"health": {"corr": 517.0, "wrong": 308.0, "acc": 0.6266666666666667}, "total": {"corr": 517.0, "wrong": 308.0, "acc": 0.6266666666666667}}