{"health": {"corr": 435.0, "wrong": 269.0, "acc": 0.6178977272727273}, "total": {"corr": 435.0, "wrong": 269.0, "acc": 0.6178977272727273}}