{"math": {"corr": 510.0, "wrong": 294.0, "acc": 0.6343283582089553}, "total": {"corr": 510.0, "wrong": 294.0, "acc": 0.6343283582089553}}