{"health": {"corr": 246.0, "wrong": 151.0, "acc": 0.6196473551637279}, "total": {"corr": 246.0, "wrong": 151.0, "acc": 0.6196473551637279}}