{"chemistry": {"corr": 383.0, "wrong": 307.0, "acc": 0.5550724637681159}, "total": {"corr": 383.0, "wrong": 307.0, "acc": 0.5550724637681159}}