{"law": {"corr": 84.0, "wrong": 113.0, "acc": 0.4263959390862944}, "total": {"corr": 84.0, "wrong": 113.0, "acc": 0.4263959390862944}}