{"law": {"corr": 222.0, "wrong": 299.0, "acc": 0.42610364683301344}, "total": {"corr": 222.0, "wrong": 299.0, "acc": 0.42610364683301344}}