{"business": {"corr": 85.0, "wrong": 55.0, "acc": 0.6071428571428571}, "total": {"corr": 85.0, "wrong": 55.0, "acc": 0.6071428571428571}}