{"law": {"corr": 25.0, "wrong": 20.0, "acc": 0.5555555555555556}, "total": {"corr": 25.0, "wrong": 20.0, "acc": 0.5555555555555556}}