{"business": {"corr": 59.0, "wrong": 40.0, "acc": 0.5959595959595959}, "total": {"corr": 59.0, "wrong": 40.0, "acc": 0.5959595959595959}}