{"law": {"corr": 59.0, "wrong": 57.0, "acc": 0.5086206896551724}, "total": {"corr": 59.0, "wrong": 57.0, "acc": 0.5086206896551724}}