{"health": {"corr": 64.0, "wrong": 45.0, "acc": 0.5871559633027523}, "total": {"corr": 64.0, "wrong": 45.0, "acc": 0.5871559633027523}}