{"other": {"corr": 307.0, "wrong": 249.0, "acc": 0.552158273381295}, "total": {"corr": 307.0, "wrong": 249.0, "acc": 0.552158273381295}}