{"psychology": {"corr": 28.0, "wrong": 21.0, "acc": 0.5714285714285714}, "total": {"corr": 28.0, "wrong": 21.0, "acc": 0.5714285714285714}}