{"health": {"corr": 188.0, "wrong": 116.0, "acc": 0.618421052631579}, "total": {"corr": 188.0, "wrong": 116.0, "acc": 0.618421052631579}}