{"health": {"corr": 239.0, "wrong": 154.0, "acc": 0.6081424936386769}, "total": {"corr": 239.0, "wrong": 154.0, "acc": 0.6081424936386769}}