{"health": {"corr": 62.0, "wrong": 43.0, "acc": 0.5904761904761905}, "total": {"corr": 62.0, "wrong": 43.0, "acc": 0.5904761904761905}}