{"economics": {"corr": 168.0, "wrong": 83.0, "acc": 0.6693227091633466}, "total": {"corr": 168.0, "wrong": 83.0, "acc": 0.6693227091633466}}