{"engineering": {"corr": 186.0, "wrong": 364.0, "acc": 0.3381818181818182}, "total": {"corr": 186.0, "wrong": 364.0, "acc": 0.3381818181818182}}