{"law": {"corr": 122.0, "wrong": 165.0, "acc": 0.4250871080139373}, "total": {"corr": 122.0, "wrong": 165.0, "acc": 0.4250871080139373}}