{"engineering": {"corr": 287.0, "wrong": 566.0, "acc": 0.3364595545134818}, "total": {"corr": 287.0, "wrong": 566.0, "acc": 0.3364595545134818}}