{"law": {"corr": 53.0, "wrong": 51.0, "acc": 0.5096153846153846}, "total": {"corr": 53.0, "wrong": 51.0, "acc": 0.5096153846153846}}