{"psychology": {"corr": 538.0, "wrong": 280.0, "acc": 0.6577017114914425}, "total": {"corr": 538.0, "wrong": 280.0, "acc": 0.6577017114914425}}