{"engineering": {"corr": 155.0, "wrong": 296.0, "acc": 0.3436807095343681}, "total": {"corr": 155.0, "wrong": 296.0, "acc": 0.3436807095343681}}