{"other": {"corr": 349.0, "wrong": 280.0, "acc": 0.5548489666136724}, "total": {"corr": 349.0, "wrong": 280.0, "acc": 0.5548489666136724}}