{"psychology": {"corr": 242.0, "wrong": 128.0, "acc": 0.654054054054054}, "total": {"corr": 242.0, "wrong": 128.0, "acc": 0.654054054054054}}