{"physics": {"corr": 559.0, "wrong": 414.0, "acc": 0.5745118191161357}, "total": {"corr": 559.0, "wrong": 414.0, "acc": 0.5745118191161357}}