{"psychology": {"corr": 424.0, "wrong": 231.0, "acc": 0.6473282442748092}, "total": {"corr": 424.0, "wrong": 231.0, "acc": 0.6473282442748092}}