{"psychology": {"corr": 418.0, "wrong": 224.0, "acc": 0.6510903426791277}, "total": {"corr": 418.0, "wrong": 224.0, "acc": 0.6510903426791277}}