{"law": {"corr": 239.0, "wrong": 329.0, "acc": 0.42077464788732394}, "total": {"corr": 239.0, "wrong": 329.0, "acc": 0.42077464788732394}}