{"math": {"corr": 852.0, "wrong": 501.0, "acc": 0.6297117516629712}, "total": {"corr": 852.0, "wrong": 501.0, "acc": 0.6297117516629712}}