{"psychology": {"corr": 170.0, "wrong": 94.0, "acc": 0.6439393939393939}, "total": {"corr": 170.0, "wrong": 94.0, "acc": 0.6439393939393939}}