{"chemistry": {"corr": 592.0, "wrong": 477.0, "acc": 0.5537885874649204}, "total": {"corr": 592.0, "wrong": 477.0, "acc": 0.5537885874649204}}