{"physics": {"corr": 349.0, "wrong": 265.0, "acc": 0.5684039087947883}, "total": {"corr": 349.0, "wrong": 265.0, "acc": 0.5684039087947883}}