{"math": {"corr": 585.0, "wrong": 328.0, "acc": 0.6407447973713034}, "total": {"corr": 585.0, "wrong": 328.0, "acc": 0.6407447973713034}}