{"engineering": {"corr": 267.0, "wrong": 542.0, "acc": 0.3300370828182942}, "total": {"corr": 267.0, "wrong": 542.0, "acc": 0.3300370828182942}}