{"physics": {"corr": 359.0, "wrong": 271.0, "acc": 0.5698412698412698}, "total": {"corr": 359.0, "wrong": 271.0, "acc": 0.5698412698412698}}