{"business": {"corr": 341.0, "wrong": 188.0, "acc": 0.6446124763705104}, "total": {"corr": 341.0, "wrong": 188.0, "acc": 0.6446124763705104}}