{"law": {"corr": 127.0, "wrong": 169.0, "acc": 0.42905405405405406}, "total": {"corr": 127.0, "wrong": 169.0, "acc": 0.42905405405405406}}