{"engineering": {"corr": 138.0, "wrong": 258.0, "acc": 0.3484848484848485}, "total": {"corr": 138.0, "wrong": 258.0, "acc": 0.3484848484848485}}