{"psychology": {"corr": 163.0, "wrong": 92.0, "acc": 0.6392156862745098}, "total": {"corr": 163.0, "wrong": 92.0, "acc": 0.6392156862745098}}