{"engineering": {"corr": 324.0, "wrong": 641.0, "acc": 0.33575129533678755}, "total": {"corr": 324.0, "wrong": 641.0, "acc": 0.33575129533678755}}