{"business": {"corr": 56.0, "wrong": 35.0, "acc": 0.6153846153846154}, "total": {"corr": 56.0, "wrong": 35.0, "acc": 0.6153846153846154}}