{"other": {"corr": 1098.0, "wrong": 786.0, "acc": 0.5828025477707006}, "total": {"corr": 1098.0, "wrong": 786.0, "acc": 0.5828025477707006}}