{"math": {"corr": 261.0, "wrong": 690.0, "acc": 0.2744479495268139}, "total": {"corr": 261.0, "wrong": 690.0, "acc": 0.2744479495268139}}