{"business": {"corr": 566.0, "wrong": 1026.0, "acc": 0.3555276381909548}, "total": {"corr": 566.0, "wrong": 1026.0, "acc": 0.3555276381909548}}