{"law": {"corr": 1098.0, "wrong": 1141.0, "acc": 0.4903974988834301}, "total": {"corr": 1098.0, "wrong": 1141.0, "acc": 0.4903974988834301}}