{"physics": {"corr": 254.0, "wrong": 436.0, "acc": 0.3681159420289855}, "total": {"corr": 254.0, "wrong": 436.0, "acc": 0.3681159420289855}}