{"chemistry": {"corr": 42.0, "wrong": 92.0, "acc": 0.31343283582089554}, "total": {"corr": 42.0, "wrong": 92.0, "acc": 0.31343283582089554}}