{"psychology": {"corr": 1196.0, "wrong": 440.0, "acc": 0.7310513447432763}, "total": {"corr": 1196.0, "wrong": 440.0, "acc": 0.7310513447432763}}