{"biology": {"corr": 220.0, "wrong": 63.0, "acc": 0.7773851590106007}, "total": {"corr": 220.0, "wrong": 63.0, "acc": 0.7773851590106007}}