{"biology": {"corr": 184.0, "wrong": 52.0, "acc": 0.7796610169491526}, "physics": {"corr": 235.0, "wrong": 409.0, "acc": 0.36490683229813664}, "chemistry": {"corr": 38.0, "wrong": 73.0, "acc": 0.34234234234234234}, "law": {"corr": 1098.0, "wrong": 1141.0, "acc": 0.4903974988834301}, "math": {"corr": 257.0, "wrong": 648.0, "acc": 0.2839779005524862}, "other": {"corr": 1098.0, "wrong": 786.0, "acc": 0.5828025477707006}, "psychology": {"corr": 1196.0, "wrong": 440.0, "acc": 0.7310513447432763}, "business": {"corr": 566.0, "wrong": 1026.0, "acc": 0.3555276381909548}, "total": {"corr": 4672.0, "wrong": 4575.0, "acc": 0.5052449443062615}}