{"biology": {"corr": 549.0, "wrong": 168.0, "acc": 0.7656903765690377}, "total": {"corr": 549.0, "wrong": 168.0, "acc": 0.7656903765690377}}