{"business": {"corr": 578.0, "wrong": 211.0, "acc": 0.7325728770595691}, "total": {"corr": 578.0, "wrong": 211.0, "acc": 0.7325728770595691}}