{"chemistry": {"corr": 230.0, "wrong": 114.0, "acc": 0.6686046511627907}, "total": {"corr": 230.0, "wrong": 114.0, "acc": 0.6686046511627907}}