{"computer science": {"corr": 282.0, "wrong": 128.0, "acc": 0.6878048780487804}, "total": {"corr": 282.0, "wrong": 128.0, "acc": 0.6878048780487804}}