{"economics": {"corr": 630.0, "wrong": 214.0, "acc": 0.7464454976303317}, "total": {"corr": 630.0, "wrong": 214.0, "acc": 0.7464454976303317}}