{"engineering": {"corr": 74.0, "wrong": 69.0, "acc": 0.5174825174825175}, "total": {"corr": 74.0, "wrong": 69.0, "acc": 0.5174825174825175}}