{"health": {"corr": 500.0, "wrong": 318.0, "acc": 0.6112469437652812}, "total": {"corr": 500.0, "wrong": 318.0, "acc": 0.6112469437652812}}