{"law": {"corr": 386.0, "wrong": 715.0, "acc": 0.3505903723887375}, "total": {"corr": 386.0, "wrong": 715.0, "acc": 0.3505903723887375}}