{"math": {"corr": 820.0, "wrong": 473.0, "acc": 0.634184068058778}, "total": {"corr": 820.0, "wrong": 473.0, "acc": 0.634184068058778}}