{"other": {"corr": 604.0, "wrong": 320.0, "acc": 0.6536796536796536}, "total": {"corr": 604.0, "wrong": 320.0, "acc": 0.6536796536796536}}