{"philosophy": {"corr": 276.0, "wrong": 215.0, "acc": 0.5621181262729125}, "total": {"corr": 276.0, "wrong": 215.0, "acc": 0.5621181262729125}}