{"physics": {"corr": 885.0, "wrong": 414.0, "acc": 0.6812933025404158}, "total": {"corr": 885.0, "wrong": 414.0, "acc": 0.6812933025404158}}