{"psychology": {"corr": 575.0, "wrong": 223.0, "acc": 0.7205513784461153}, "total": {"corr": 575.0, "wrong": 223.0, "acc": 0.7205513784461153}}