{"psychology": {"corr": 589.0, "wrong": 229.0, "acc": 0.7200488997555012}, "total": {"corr": 589.0, "wrong": 229.0, "acc": 0.7200488997555012}}