{"business": {"corr": 520.0, "wrong": 276.0, "acc": 0.6532663316582915}, "total": {"corr": 520.0, "wrong": 276.0, "acc": 0.6532663316582915}}