{"health": {"corr": 451.0, "wrong": 374.0, "acc": 0.5466666666666666}, "total": {"corr": 451.0, "wrong": 374.0, "acc": 0.5466666666666666}}