{"physics": {"corr": 486.0, "wrong": 824.0, "acc": 0.3709923664122137}, "total": {"corr": 486.0, "wrong": 824.0, "acc": 0.3709923664122137}}