{"biology": {"corr": 531.0, "wrong": 190.0, "acc": 0.7364771151178918}, "total": {"corr": 531.0, "wrong": 190.0, "acc": 0.7364771151178918}}