{"other": {"corr": 490.0, "wrong": 448.0, "acc": 0.5223880597014925}, "total": {"corr": 490.0, "wrong": 448.0, "acc": 0.5223880597014925}}