{"health": {"corr": 471.0, "wrong": 348.0, "acc": 0.575091575091575}, "total": {"corr": 471.0, "wrong": 348.0, "acc": 0.575091575091575}}