{"chemistry": {"corr": 379.0, "wrong": 763.0, "acc": 0.3318739054290718}, "total": {"corr": 379.0, "wrong": 763.0, "acc": 0.3318739054290718}}