{"economics": {"corr": 518.0, "wrong": 342.0, "acc": 0.6023255813953489}, "total": {"corr": 518.0, "wrong": 342.0, "acc": 0.6023255813953489}}