{"engineering": {"corr": 389.0, "wrong": 583.0, "acc": 0.4002057613168724}, "total": {"corr": 389.0, "wrong": 583.0, "acc": 0.4002057613168724}}