{"philosophy": {"corr": 271.0, "wrong": 228.0, "acc": 0.5430861723446894}, "total": {"corr": 271.0, "wrong": 228.0, "acc": 0.5430861723446894}}