{"business": {"corr": 297.0, "wrong": 498.0, "acc": 0.37358490566037733}, "total": {"corr": 297.0, "wrong": 498.0, "acc": 0.37358490566037733}}