{"psychology": {"corr": 557.0, "wrong": 259.0, "acc": 0.6825980392156863}, "total": {"corr": 557.0, "wrong": 259.0, "acc": 0.6825980392156863}}