{"math": {"corr": 468.0, "wrong": 888.0, "acc": 0.34513274336283184}, "total": {"corr": 468.0, "wrong": 888.0, "acc": 0.34513274336283184}}