{"law": {"corr": 459.0, "wrong": 646.0, "acc": 0.4153846153846154}, "total": {"corr": 459.0, "wrong": 646.0, "acc": 0.4153846153846154}}