{"computer science": {"corr": 218.0, "wrong": 200.0, "acc": 0.5215311004784688}, "total": {"corr": 218.0, "wrong": 200.0, "acc": 0.5215311004784688}}