{"chemistry": {"corr": 635.0, "wrong": 508.0, "acc": 0.5555555555555556}, "total": {"corr": 635.0, "wrong": 508.0, "acc": 0.5555555555555556}}