{"engineering": {"corr": 325.0, "wrong": 647.0, "acc": 0.3343621399176955}, "total": {"corr": 325.0, "wrong": 647.0, "acc": 0.3343621399176955}}