{"biology": {"corr": 526.0, "wrong": 196.0, "acc": 0.7285318559556787}, "total": {"corr": 526.0, "wrong": 196.0, "acc": 0.7285318559556787}}