{"physics": {"corr": 756.0, "wrong": 556.0, "acc": 0.5762195121951219}, "total": {"corr": 756.0, "wrong": 556.0, "acc": 0.5762195121951219}}