{"engineering": {"corr": 387.0, "wrong": 585.0, "acc": 0.39814814814814814}, "total": {"corr": 387.0, "wrong": 585.0, "acc": 0.39814814814814814}}