{"psychology": {"corr": 624.0, "wrong": 194.0, "acc": 0.7628361858190709}, "total": {"corr": 624.0, "wrong": 194.0, "acc": 0.7628361858190709}}