{"business": {"corr": 312.0, "wrong": 484.0, "acc": 0.39195979899497485}, "total": {"corr": 312.0, "wrong": 484.0, "acc": 0.39195979899497485}}