{"biology": {"corr": 585.0, "wrong": 137.0, "acc": 0.8102493074792244}, "total": {"corr": 585.0, "wrong": 137.0, "acc": 0.8102493074792244}}