{"physics": {"corr": 521.0, "wrong": 791.0, "acc": 0.39710365853658536}, "total": {"corr": 521.0, "wrong": 791.0, "acc": 0.39710365853658536}}