{"philosophy": {"corr": 338.0, "wrong": 173.0, "acc": 0.6614481409001957}, "total": {"corr": 338.0, "wrong": 173.0, "acc": 0.6614481409001957}}