{"law": {"corr": 607.0, "wrong": 513.0, "acc": 0.5419642857142857}, "total": {"corr": 607.0, "wrong": 513.0, "acc": 0.5419642857142857}}