{"other": {"corr": 602.0, "wrong": 340.0, "acc": 0.6390658174097664}, "total": {"corr": 602.0, "wrong": 340.0, "acc": 0.6390658174097664}}