{"computer science": {"corr": 243.0, "wrong": 175.0, "acc": 0.5813397129186603}, "total": {"corr": 243.0, "wrong": 175.0, "acc": 0.5813397129186603}}