{"math": {"corr": 465.0, "wrong": 892.0, "acc": 0.3426676492262343}, "total": {"corr": 465.0, "wrong": 892.0, "acc": 0.3426676492262343}}