{"economics": {"corr": 594.0, "wrong": 267.0, "acc": 0.6898954703832753}, "total": {"corr": 594.0, "wrong": 267.0, "acc": 0.6898954703832753}}