{"chemistry": {"corr": 394.0, "wrong": 749.0, "acc": 0.3447069116360455}, "total": {"corr": 394.0, "wrong": 749.0, "acc": 0.3447069116360455}}