{"health": {"corr": 572.0, "wrong": 253.0, "acc": 0.6933333333333334}, "total": {"corr": 572.0, "wrong": 253.0, "acc": 0.6933333333333334}}