{"chemistry": {"corr": 57.0, "wrong": 33.0, "acc": 0.6333333333333333}, "total": {"corr": 57.0, "wrong": 33.0, "acc": 0.6333333333333333}}