{"business": {"corr": 478.0, "wrong": 178.0, "acc": 0.7286585365853658}, "total": {"corr": 478.0, "wrong": 178.0, "acc": 0.7286585365853658}}