{"psychology": {"corr": 253.0, "wrong": 63.0, "acc": 0.8006329113924051}, "total": {"corr": 253.0, "wrong": 63.0, "acc": 0.8006329113924051}}