{"math": {"corr": 51.0, "wrong": 6.0, "acc": 0.8947368421052632}, "total": {"corr": 51.0, "wrong": 6.0, "acc": 0.8947368421052632}}