{"law": {"corr": 129.0, "wrong": 107.0, "acc": 0.5466101694915254}, "total": {"corr": 129.0, "wrong": 107.0, "acc": 0.5466101694915254}}