{"business": {"corr": 626.0, "wrong": 170.0, "acc": 0.7864321608040201}, "total": {"corr": 626.0, "wrong": 170.0, "acc": 0.7864321608040201}}