{"biology": {"corr": 614.0, "wrong": 108.0, "acc": 0.850415512465374}, "total": {"corr": 614.0, "wrong": 108.0, "acc": 0.850415512465374}}