{"math": {"corr": 787.0, "wrong": 473.0, "acc": 0.6246031746031746}, "total": {"corr": 787.0, "wrong": 473.0, "acc": 0.6246031746031746}}