{"business": {"corr": 5.0, "wrong": 2.0, "acc": 0.7142857142857143}, "total": {"corr": 5.0, "wrong": 2.0, "acc": 0.7142857142857143}}