{"health": {"corr": 293.0, "wrong": 246.0, "acc": 0.5435992578849722}, "total": {"corr": 293.0, "wrong": 246.0, "acc": 0.5435992578849722}}