{"chemistry": {"corr": 527.0, "wrong": 429.0, "acc": 0.551255230125523}, "total": {"corr": 527.0, "wrong": 429.0, "acc": 0.551255230125523}}