{"math": {"corr": 484.0, "wrong": 281.0, "acc": 0.6326797385620915}, "total": {"corr": 484.0, "wrong": 281.0, "acc": 0.6326797385620915}}