{"philosophy": {"corr": 233.0, "wrong": 154.0, "acc": 0.6020671834625323}, "total": {"corr": 233.0, "wrong": 154.0, "acc": 0.6020671834625323}}