{"economics": {"corr": 267.0, "wrong": 115.0, "acc": 0.6989528795811518}, "total": {"corr": 267.0, "wrong": 115.0, "acc": 0.6989528795811518}}