{"economics": {"corr": 115.0, "wrong": 49.0, "acc": 0.7012195121951219}, "total": {"corr": 115.0, "wrong": 49.0, "acc": 0.7012195121951219}}