{"philosophy": {"corr": 141.0, "wrong": 77.0, "acc": 0.6467889908256881}, "total": {"corr": 141.0, "wrong": 77.0, "acc": 0.6467889908256881}}