{"other": {"corr": 627.0, "wrong": 315.0, "acc": 0.6656050955414012}, "total": {"corr": 627.0, "wrong": 315.0, "acc": 0.6656050955414012}}