{"engineering": {"corr": 251.0, "wrong": 479.0, "acc": 0.34383561643835614}, "total": {"corr": 251.0, "wrong": 479.0, "acc": 0.34383561643835614}}