{"chemistry": {"corr": 699.0, "wrong": 444.0, "acc": 0.6115485564304461}, "total": {"corr": 699.0, "wrong": 444.0, "acc": 0.6115485564304461}}