{"psychology": {"corr": 86.0, "wrong": 33.0, "acc": 0.7226890756302521}, "total": {"corr": 86.0, "wrong": 33.0, "acc": 0.7226890756302521}}