{"chemistry": {"corr": 19.0, "wrong": 11.0, "acc": 0.6333333333333333}, "total": {"corr": 19.0, "wrong": 11.0, "acc": 0.6333333333333333}}