{"chemistry": {"corr": 723.0, "wrong": 420.0, "acc": 0.6325459317585301}, "total": {"corr": 723.0, "wrong": 420.0, "acc": 0.6325459317585301}}