{"physics": {"corr": 228.0, "wrong": 165.0, "acc": 0.5801526717557252}, "total": {"corr": 228.0, "wrong": 165.0, "acc": 0.5801526717557252}}