{"law": {"corr": 491.0, "wrong": 521.0, "acc": 0.4851778656126482}, "total": {"corr": 491.0, "wrong": 521.0, "acc": 0.4851778656126482}}