{"chemistry": {"corr": 590.0, "wrong": 471.0, "acc": 0.5560791705937794}, "total": {"corr": 590.0, "wrong": 471.0, "acc": 0.5560791705937794}}