{"philosophy": {"corr": 88.0, "wrong": 46.0, "acc": 0.6567164179104478}, "total": {"corr": 88.0, "wrong": 46.0, "acc": 0.6567164179104478}}