{"psychology": {"corr": 143.0, "wrong": 62.0, "acc": 0.697560975609756}, "total": {"corr": 143.0, "wrong": 62.0, "acc": 0.697560975609756}}