{"economics": {"corr": 614.0, "wrong": 247.0, "acc": 0.7131242740998839}, "total": {"corr": 614.0, "wrong": 247.0, "acc": 0.7131242740998839}}