{"math": {"corr": 548.0, "wrong": 315.0, "acc": 0.6349942062572422}, "total": {"corr": 548.0, "wrong": 315.0, "acc": 0.6349942062572422}}