{"philosophy": {"corr": 117.0, "wrong": 66.0, "acc": 0.639344262295082}, "total": {"corr": 117.0, "wrong": 66.0, "acc": 0.639344262295082}}