{"law": {"corr": 467.0, "wrong": 489.0, "acc": 0.4884937238493724}, "total": {"corr": 467.0, "wrong": 489.0, "acc": 0.4884937238493724}}