{"business": {"corr": 38.0, "wrong": 16.0, "acc": 0.7037037037037037}, "total": {"corr": 38.0, "wrong": 16.0, "acc": 0.7037037037037037}}