{"computer science": {"corr": 239.0, "wrong": 106.0, "acc": 0.6927536231884058}, "total": {"corr": 239.0, "wrong": 106.0, "acc": 0.6927536231884058}}