{"health": {"corr": 234.0, "wrong": 171.0, "acc": 0.5777777777777777}, "total": {"corr": 234.0, "wrong": 171.0, "acc": 0.5777777777777777}}