{"health": {"corr": 31.0, "wrong": 13.0, "acc": 0.7045454545454546}, "total": {"corr": 31.0, "wrong": 13.0, "acc": 0.7045454545454546}}