{"chemistry": {"corr": 39.0, "wrong": 19.0, "acc": 0.6724137931034483}, "total": {"corr": 39.0, "wrong": 19.0, "acc": 0.6724137931034483}}