{"psychology": {"corr": 608.0, "wrong": 210.0, "acc": 0.7432762836185819}, "total": {"corr": 608.0, "wrong": 210.0, "acc": 0.7432762836185819}}