{"law": {"corr": 471.0, "wrong": 497.0, "acc": 0.4865702479338843}, "total": {"corr": 471.0, "wrong": 497.0, "acc": 0.4865702479338843}}