{"law": {"corr": 3.0, "wrong": 24.0, "acc": 0.1111111111111111}, "total": {"corr": 3.0, "wrong": 24.0, "acc": 0.1111111111111111}}