{"physics": {"corr": 705.0, "wrong": 607.0, "acc": 0.5373475609756098}, "total": {"corr": 705.0, "wrong": 607.0, "acc": 0.5373475609756098}}