{"other": {"corr": 41.0, "wrong": 25.0, "acc": 0.6212121212121212}, "total": {"corr": 41.0, "wrong": 25.0, "acc": 0.6212121212121212}}