{"philosophy": {"corr": 234.0, "wrong": 154.0, "acc": 0.6030927835051546}, "total": {"corr": 234.0, "wrong": 154.0, "acc": 0.6030927835051546}}