{"philosophy": {"corr": 305.0, "wrong": 206.0, "acc": 0.5968688845401174}, "total": {"corr": 305.0, "wrong": 206.0, "acc": 0.5968688845401174}}