{"other": {"corr": 297.0, "wrong": 149.0, "acc": 0.6659192825112108}, "total": {"corr": 297.0, "wrong": 149.0, "acc": 0.6659192825112108}}