{"math": {"corr": 405.0, "wrong": 240.0, "acc": 0.627906976744186}, "total": {"corr": 405.0, "wrong": 240.0, "acc": 0.627906976744186}}