{"philosophy": {"corr": 309.0, "wrong": 202.0, "acc": 0.6046966731898239}, "total": {"corr": 309.0, "wrong": 202.0, "acc": 0.6046966731898239}}