{"math": {"corr": 851.0, "wrong": 505.0, "acc": 0.6275811209439528}, "total": {"corr": 851.0, "wrong": 505.0, "acc": 0.6275811209439528}}