{"chemistry": {"corr": 14.0, "wrong": 8.0, "acc": 0.6363636363636364}, "total": {"corr": 14.0, "wrong": 8.0, "acc": 0.6363636363636364}}