{"biology": {"corr": 27.0, "wrong": 10.0, "acc": 0.7297297297297297}, "total": {"corr": 27.0, "wrong": 10.0, "acc": 0.7297297297297297}}