{"law": {"corr": 13.0, "wrong": 6.0, "acc": 0.6842105263157895}, "total": {"corr": 13.0, "wrong": 6.0, "acc": 0.6842105263157895}}