{"other": {"corr": 22.0, "wrong": 5.0, "acc": 0.8148148148148148}, "total": {"corr": 22.0, "wrong": 5.0, "acc": 0.8148148148148148}}