{"math": {"corr": 599.0, "wrong": 345.0, "acc": 0.6345338983050848}, "total": {"corr": 599.0, "wrong": 345.0, "acc": 0.6345338983050848}}