{"chemistry": {"corr": 338.0, "wrong": 214.0, "acc": 0.6123188405797102}, "total": {"corr": 338.0, "wrong": 214.0, "acc": 0.6123188405797102}}