{"computer science": {"corr": 230.0, "wrong": 101.0, "acc": 0.6948640483383686}, "total": {"corr": 230.0, "wrong": 101.0, "acc": 0.6948640483383686}}