{"health": {"corr": 388.0, "wrong": 325.0, "acc": 0.544179523141655}, "total": {"corr": 388.0, "wrong": 325.0, "acc": 0.544179523141655}}