{"biology": {"corr": 33.0, "wrong": 10.0, "acc": 0.7674418604651163}, "total": {"corr": 33.0, "wrong": 10.0, "acc": 0.7674418604651163}}