{"health": {"corr": 325.0, "wrong": 270.0, "acc": 0.5462184873949579}, "total": {"corr": 325.0, "wrong": 270.0, "acc": 0.5462184873949579}}