{"math": {"corr": 599.0, "wrong": 344.0, "acc": 0.6352067868504772}, "total": {"corr": 599.0, "wrong": 344.0, "acc": 0.6352067868504772}}