{"engineering": {"corr": 349.0, "wrong": 623.0, "acc": 0.35905349794238683}, "total": {"corr": 349.0, "wrong": 623.0, "acc": 0.35905349794238683}}