{"economics": {"corr": 603.0, "wrong": 223.0, "acc": 0.7300242130750605}, "total": {"corr": 603.0, "wrong": 223.0, "acc": 0.7300242130750605}}