{"physics": {"corr": 442.0, "wrong": 322.0, "acc": 0.5785340314136126}, "total": {"corr": 442.0, "wrong": 322.0, "acc": 0.5785340314136126}}