{"physics": {"corr": 681.0, "wrong": 589.0, "acc": 0.5362204724409448}, "total": {"corr": 681.0, "wrong": 589.0, "acc": 0.5362204724409448}}