{"psychology": {"corr": 5.0, "wrong": 17.0, "acc": 0.22727272727272727}, "total": {"corr": 5.0, "wrong": 17.0, "acc": 0.22727272727272727}}