{"physics": {"corr": 81.0, "wrong": 59.0, "acc": 0.5785714285714286}, "total": {"corr": 81.0, "wrong": 59.0, "acc": 0.5785714285714286}}