{"chemistry": {"corr": 628.0, "wrong": 498.0, "acc": 0.5577264653641207}, "total": {"corr": 628.0, "wrong": 498.0, "acc": 0.5577264653641207}}