{"math": {"corr": 497.0, "wrong": 284.0, "acc": 0.6363636363636364}, "total": {"corr": 497.0, "wrong": 284.0, "acc": 0.6363636363636364}}