{"other": {"corr": 295.0, "wrong": 148.0, "acc": 0.6659142212189616}, "total": {"corr": 295.0, "wrong": 148.0, "acc": 0.6659142212189616}}