{"philosophy": {"corr": 156.0, "wrong": 99.0, "acc": 0.611764705882353}, "total": {"corr": 156.0, "wrong": 99.0, "acc": 0.611764705882353}}