{"computer science": {"corr": 289.0, "wrong": 129.0, "acc": 0.6913875598086124}, "total": {"corr": 289.0, "wrong": 129.0, "acc": 0.6913875598086124}}