{"philosophy": {"corr": 90.0, "wrong": 48.0, "acc": 0.6521739130434783}, "total": {"corr": 90.0, "wrong": 48.0, "acc": 0.6521739130434783}}