{"computer science": {"corr": 288.0, "wrong": 130.0, "acc": 0.6889952153110048}, "total": {"corr": 288.0, "wrong": 130.0, "acc": 0.6889952153110048}}