{"health": {"corr": 241.0, "wrong": 186.0, "acc": 0.5644028103044496}, "total": {"corr": 241.0, "wrong": 186.0, "acc": 0.5644028103044496}}