{"math": {"corr": 851.0, "wrong": 506.0, "acc": 0.6271186440677966}, "total": {"corr": 851.0, "wrong": 506.0, "acc": 0.6271186440677966}}