{"physics": {"corr": 89.0, "wrong": 61.0, "acc": 0.5933333333333334}, "total": {"corr": 89.0, "wrong": 61.0, "acc": 0.5933333333333334}}