{"business": {"corr": 101.0, "wrong": 71.0, "acc": 0.5872093023255814}, "total": {"corr": 101.0, "wrong": 71.0, "acc": 0.5872093023255814}}