{"math": {"corr": 465.0, "wrong": 272.0, "acc": 0.6309362279511533}, "total": {"corr": 465.0, "wrong": 272.0, "acc": 0.6309362279511533}}