{"economics": {"corr": 630.0, "wrong": 231.0, "acc": 0.7317073170731707}, "total": {"corr": 630.0, "wrong": 231.0, "acc": 0.7317073170731707}}