{"math": {"corr": 786.0, "wrong": 469.0, "acc": 0.6262948207171315}, "total": {"corr": 786.0, "wrong": 469.0, "acc": 0.6262948207171315}}