{"math": {"corr": 427.0, "wrong": 244.0, "acc": 0.6363636363636364}, "total": {"corr": 427.0, "wrong": 244.0, "acc": 0.6363636363636364}}