{"other": {"corr": 309.0, "wrong": 163.0, "acc": 0.6546610169491526}, "total": {"corr": 309.0, "wrong": 163.0, "acc": 0.6546610169491526}}