{"physics": {"corr": 79.0, "wrong": 53.0, "acc": 0.5984848484848485}, "total": {"corr": 79.0, "wrong": 53.0, "acc": 0.5984848484848485}}