{"health": {"corr": 563.0, "wrong": 262.0, "acc": 0.6824242424242424}, "total": {"corr": 563.0, "wrong": 262.0, "acc": 0.6824242424242424}}