{"business": {"corr": 40.0, "wrong": 17.0, "acc": 0.7017543859649122}, "total": {"corr": 40.0, "wrong": 17.0, "acc": 0.7017543859649122}}