{"philosophy": {"corr": 114.0, "wrong": 62.0, "acc": 0.6477272727272727}, "total": {"corr": 114.0, "wrong": 62.0, "acc": 0.6477272727272727}}