{"chemistry": {"corr": 521.0, "wrong": 421.0, "acc": 0.5530785562632696}, "total": {"corr": 521.0, "wrong": 421.0, "acc": 0.5530785562632696}}