{"psychology": {"corr": 586.0, "wrong": 229.0, "acc": 0.7190184049079754}, "total": {"corr": 586.0, "wrong": 229.0, "acc": 0.7190184049079754}}