{"biology": {"corr": 587.0, "wrong": 135.0, "acc": 0.8130193905817175}, "total": {"corr": 587.0, "wrong": 135.0, "acc": 0.8130193905817175}}