{"law": {"corr": 82.0, "wrong": 90.0, "acc": 0.47674418604651164}, "total": {"corr": 82.0, "wrong": 90.0, "acc": 0.47674418604651164}}