{"health": {"corr": 318.0, "wrong": 264.0, "acc": 0.5463917525773195}, "total": {"corr": 318.0, "wrong": 264.0, "acc": 0.5463917525773195}}