{"chemistry": {"corr": 623.0, "wrong": 494.0, "acc": 0.5577439570277529}, "total": {"corr": 623.0, "wrong": 494.0, "acc": 0.5577439570277529}}