{"philosophy": {"corr": 157.0, "wrong": 99.0, "acc": 0.61328125}, "total": {"corr": 157.0, "wrong": 99.0, "acc": 0.61328125}}