{"other": {"corr": 8.0, "wrong": 3.0, "acc": 0.7272727272727273}, "psychology": {"corr": 17.0, "wrong": 7.0, "acc": 0.7083333333333334}, "law": {"corr": 11.0, "wrong": 4.0, "acc": 0.7333333333333333}, "business": {"corr": 29.0, "wrong": 6.0, "acc": 0.8285714285714286}, "total": {"corr": 65.0, "wrong": 20.0, "acc": 0.7647058823529411}}