{"other": {"corr": 1.0, "wrong": 3.0, "acc": 0.25}, "psychology": {"corr": 2.0, "wrong": 13.0, "acc": 0.13333333333333333}, "law": {"corr": 3.0, "wrong": 17.0, "acc": 0.15}, "business": {"corr": 30.0, "wrong": 9.0, "acc": 0.7692307692307693}, "total": {"corr": 36.0, "wrong": 42.0, "acc": 0.46153846153846156}}