{"psychology": {"corr": 5.0, "wrong": 3.0, "acc": 0.625}, "law": {"corr": 3.0, "wrong": 3.0, "acc": 0.5}, "other": {"corr": 1.0, "wrong": 0.0, "acc": 1.0}, "business": {"corr": 22.0, "wrong": 9.0, "acc": 0.7096774193548387}, "total": {"corr": 31.0, "wrong": 15.0, "acc": 0.6739130434782609}}