{"philosophy": {"corr": 301.0, "wrong": 196.0, "acc": 0.6056338028169014}, "psychology": {"corr": 608.0, "wrong": 210.0, "acc": 0.7432762836185819}, "chemistry": {"corr": 313.0, "wrong": 208.0, "acc": 0.6007677543186181}, "economics": {"corr": 587.0, "wrong": 216.0, "acc": 0.7310087173100872}, "health": {"corr": 563.0, "wrong": 262.0, "acc": 0.6824242424242424}, "biology": {"corr": 587.0, "wrong": 135.0, "acc": 0.8130193905817175}, "physics": {"corr": 655.0, "wrong": 567.0, "acc": 0.5360065466448445}, "total": {"corr": 3614.0, "wrong": 1794.0, "acc": 0.6682692307692307}}