{"business": {"corr": 259.0, "wrong": 158.0, "acc": 0.6211031175059952}, "total": {"corr": 259.0, "wrong": 158.0, "acc": 0.6211031175059952}}