{"business": {"corr": 38.0, "wrong": 51.0, "acc": 0.42696629213483145}, "total": {"corr": 38.0, "wrong": 51.0, "acc": 0.42696629213483145}}