{"business": {"corr": 24.0, "wrong": 32.0, "acc": 0.42857142857142855}, "total": {"corr": 24.0, "wrong": 32.0, "acc": 0.42857142857142855}}