{"business": {"corr": 288.0, "wrong": 508.0, "acc": 0.36180904522613067}, "law": {"corr": 612.0, "wrong": 508.0, "acc": 0.5464285714285714}, "psychology": {"corr": 594.0, "wrong": 224.0, "acc": 0.726161369193154}, "biology": {"corr": 567.0, "wrong": 155.0, "acc": 0.7853185595567868}, "chemistry": {"corr": 333.0, "wrong": 657.0, "acc": 0.33636363636363636}, "other": {"corr": 116.0, "wrong": 99.0, "acc": 0.5395348837209303}, "physics": {"corr": 11.0, "wrong": 22.0, "acc": 0.3333333333333333}, "health": {"corr": 10.0, "wrong": 13.0, "acc": 0.43478260869565216}, "total": {"corr": 2531.0, "wrong": 2186.0, "acc": 0.5365698537205851}}