{"business": {"corr": 475.0, "wrong": 286.0, "acc": 0.6241787122207622}, "law": {"corr": 429.0, "wrong": 491.0, "acc": 0.46630434782608693}, "biology": {"corr": 232.0, "wrong": 45.0, "acc": 0.8375451263537906}, "psychology": {"corr": 11.0, "wrong": 31.0, "acc": 0.2619047619047619}, "health": {"corr": 8.0, "wrong": 37.0, "acc": 0.17777777777777778}, "other": {"corr": 1.0, "wrong": 0.0, "acc": 1.0}, "total": {"corr": 1156.0, "wrong": 890.0, "acc": 0.5650048875855328}}